{"cameraMode":{"drawMode":0,"name":"Shaded","section":"Shading Mode"},"sceneLighting":false,"audioPlay":false,"sceneViewState":{"showFog":true,"showMaterialUpdate":true,"showSkybox":true,"showFlares":true,"showImageEffects":true,"showParticleSystems":true},"in2DMode":false,"pivot":{"x":-1.7788856029510499,"y":1.7633675336837769,"z":1.3291330337524415},"rotation":{"x":0.10825960338115692,"y":0.7877188324928284,"z":-0.1448206901550293,"w":0.5889313817024231},"size":2.9062962532043459,"orthographic":false}