{"cameraMode":{"drawMode":0,"name":"Shaded","section":"Shading Mode"},"sceneLighting":false,"audioPlay":false,"sceneViewState":{"showFog":true,"showMaterialUpdate":true,"showSkybox":true,"showFlares":true,"showImageEffects":true,"showParticleSystems":true},"in2DMode":false,"pivot":{"x":-0.21749886870384217,"y":0.9937366843223572,"z":-0.2772957682609558},"rotation":{"x":-0.106056809425354,"y":-0.7309674620628357,"z":0.11676235496997833,"w":-0.6639489531517029},"size":5.7877373695373539,"orthographic":false}