{"cameraMode":{"drawMode":0,"name":"Shaded","section":"Shading Mode"},"sceneLighting":false,"audioPlay":false,"sceneViewState":{"showFog":true,"showMaterialUpdate":true,"showSkybox":true,"showFlares":true,"showImageEffects":true,"showParticleSystems":true},"in2DMode":false,"pivot":{"x":-2.1237430572509767,"y":3.8443450927734377,"z":-6.778237819671631},"rotation":{"x":0.22900453209877015,"y":0.06696223467588425,"z":-0.05239249765872955,"w":0.9697288870811462},"size":0.7144709229469299,"orthographic":false}