{"cameraMode":{"drawMode":0,"name":"Shaded","section":"Shading Mode"},"sceneLighting":false,"audioPlay":false,"sceneViewState":{"showFog":true,"showMaterialUpdate":true,"showSkybox":true,"showFlares":true,"showImageEffects":true,"showParticleSystems":true},"in2DMode":false,"pivot":{"x":-0.7173085808753967,"y":0.06276438385248184,"z":-0.29051730036735537},"rotation":{"x":0.14776061475276948,"y":0.5198408961296082,"z":-0.1352013200521469,"w":0.8304800391197205},"size":0.7144709229469299,"orthographic":false}