{"cameraMode":{"drawMode":0,"name":"Shaded","section":"Shading Mode"},"sceneLighting":true,"audioPlay":false,"sceneViewState":{"showFog":true,"showMaterialUpdate":true,"showSkybox":true,"showFlares":true,"showImageEffects":true,"showParticleSystems":true},"in2DMode":false,"pivot":{"x":21.1162166595459,"y":-15.667953491210938,"z":-54.84800720214844},"rotation":{"x":-0.05491633713245392,"y":0.9439828395843506,"z":-0.25244349241256716,"w":-0.205349862575531},"size":29.203842163085939,"orthographic":false}