{"cameraMode":{"drawMode":0,"name":"Shaded","section":"Shading Mode"},"sceneLighting":true,"audioPlay":false,"sceneViewState":{"showFog":true,"showMaterialUpdate":true,"showSkybox":true,"showFlares":true,"showImageEffects":true,"showParticleSystems":true},"in2DMode":false,"pivot":{"x":15.869192123413086,"y":-31.486968994140626,"z":-76.17709350585938},"rotation":{"x":-0.0930495336651802,"y":0.9385778307914734,"z":-0.27250024676322939,"w":-0.19029007852077485},"size":52.37019729614258,"orthographic":false}