{"cameraMode":{"drawMode":0,"name":"Shaded","section":"Shading Mode"},"sceneLighting":false,"audioPlay":false,"sceneViewState":{"showFog":true,"showMaterialUpdate":true,"showSkybox":true,"showFlares":true,"showImageEffects":true,"showParticleSystems":true},"in2DMode":false,"pivot":{"x":0.9053691625595093,"y":-0.5564513802528381,"z":-0.47033730149269106},"rotation":{"x":0.145083487033844,"y":0.7092598676681519,"z":-0.15294566750526429,"w":0.672737717628479},"size":2.376802444458008,"orthographic":false}