{"cameraMode":{"drawMode":0,"name":"Shaded","section":"Shading Mode"},"sceneLighting":true,"audioPlay":false,"sceneViewState":{"showFog":true,"showMaterialUpdate":true,"showSkybox":true,"showFlares":true,"showImageEffects":true,"showParticleSystems":true},"in2DMode":false,"pivot":{"x":395.559326171875,"y":-369.2412414550781,"z":135.5576934814453},"rotation":{"x":-0.28178536891937258,"y":-0.5623854398727417,"z":0.21190205216407777,"w":-0.7479658722877502},"size":594.8402709960938,"orthographic":false}